crop_type,dead_material_kg_ha,harvest_date,lai_m2_m2,leaf_area_index_m2_m2,leaf_dw_unresolved_unit,location,n_applied_kg_ha,note,notes,obs_date,planting_date,plot_id,record_key,root_dw_kg_ha,source_row,source_table,stem_dw_kg_ha,tops_roots_dw_kg_ha,trt,trt_name,tuber_dw_kg_ha,tuber_fw_mg_ha,variety,yield_fresh_t_ha
POTATO,-99,1999-10-15,-99,-99,-99,MARENGO,100,-99,irrigated; sandy loam,-99,1999-04-29,1,PLOT_1,-99,1,Field_obs,-99,-99,-99,CONTROL,-99,-99,CAPIRO,50.6
POTATO,-99,1999-10-15,-99,-99,-99,MARENGO,150,-99,Rainfed,-99,1999-04-29,2,PLOT_2,-99,2,Field_obs,-99,-99,-99,HIGH N,-99,-99,CAPIRO,58.2
POTATO,-99,1999-10-15,-99,-99,-99,MARENGO,100,-99,missing yield; drought stress,-99,1999-04-29,3,PLOT_3,-99,3,Field_obs,-99,-99,-99,LOW P,-99,-99,CAPIRO,-99
-99,0,-99,0.1,0.1,60,-99,-99,-99,-99,1999-06-04,-99,-99,TRT_1_1999-06-04_1,36,1,Biomass_timeseries,38,135,1,-99,0,0,-99,-99
-99,0,-99,1,1,313,-99,-99,-99,-99,1999-06-17,-99,-99,TRT_1_1999-06-17_2,19,2,Biomass_timeseries,160,493,1,-99,0,0,-99,-99
-99,91,-99,1.9,-99,842,-99,-99,unit error: g/m2 not kg/ha,-99,1999-06-30,-99,-99,TRT_1_1999-06-30_3,113,3,Biomass_timeseries,745,1792,1,-99,20,0.08,-99,-99
-99,174,-99,3.1,3.1,1637,-99,-99,-99,-99,1999-07-13,-99,-99,TRT_1_1999-07-13_4,193,4,Biomass_timeseries,1468,4077,1,-99,587,3.12,-99,-99
-99,376,-99,-99,2.9,1501,-99,-99,LAI missing,-99,1999-07-26,-99,-99,TRT_1_1999-07-26_5,235,5,Biomass_timeseries,1445,7063,1,-99,3504,16.11,-99,-99
-99,390,-99,3.2,3.2,1858,-99,-99,-99,-99,1999-08-08,-99,-99,TRT_1_1999-08-08_6,279,6,Biomass_timeseries,1725,8695,1,-99,4357,23.31,-99,-99
-99,537,-99,3.7,3.7,2011,-99,-99,-99,-99,1999-08-22,-99,-99,TRT_1_1999-08-22_7,168,7,Biomass_timeseries,2565,11744,1,-99,6465,43.48,-99,-99
-99,861,-99,0.9,0.9,537,-99,-99,-99,-99,1999-09-05,-99,-99,TRT_1_1999-09-05_8,105,8,Biomass_timeseries,1545,12628,1,-99,9578,51.55,-99,-99
-99,872,-99,-99,0,22,-99,-99,LAI -99,-99,1999-09-19,-99,-99,TRT_1_1999-09-19_9,33,9,Biomass_timeseries,1340,14057,1,-99,11789,58.27,-99,-99
-99,0,-99,0.08,0.08,55,-99,-99,-99,-99,1999-06-04,-99,-99,TRT_2_1999-06-04_10,29,10,Biomass_timeseries,31,112,2,-99,0,0,-99,-99
-99,0,-99,0.9,-99,290,-99,-99,LAI2 blank,-99,1999-06-17,-99,-99,TRT_2_1999-06-17_11,17,11,Biomass_timeseries,140,445,2,-99,0,0,-99,-99
-99,80,-99,1.7,1.7,810,-99,-99,UWAD possibly g/m2,-99,1999-06-30,-99,-99,TRT_2_1999-06-30_12,98,12,Biomass_timeseries,700,1650,2,-99,18,0.06,-99,-99
